-1,Q9. Can you RT â€œI want to WIN FREE THIS_IS_A_MENTION tix from THIS_IS_A_MENTION the #OfficialProtein of the #Toronto Raptors!â€¦ THIS_IS_A_URL
-1,Next question will be for 2 tickets to a THIS_IS_A_MENTION home game! RT if your twitter fingers are ready for this one! #OfficialProtein #WeTheNorth
-1,Tonight's By The Numbers presented by THIS_IS_A_MENTION #WeTheNorth THIS_IS_A_URL
-1,"Can we get a RT if you're ready to WIN FREE THIS_IS_A_MENTION tickets tonight with the #OfficialProtein of the Raptors, THIS_IS_A_MENTION #WeTheNorth"
-1,"Q3. Hot Dogs, Chicken Fingers, or Wings? Whatâ€™s your pick when youâ€™re watching the THIS_IS_A_MENTION #OfficialProteinâ€¦ THIS_IS_A_URL"
-1,"Hey THIS_IS_A_MENTION fans, want to WIN FREE TIX to a home game? Join the #OfficialProtein Twitter party happening NOW! #WeTheNorth #RTZ"
-1,Looking for the tastiest ideas &amp; recipes while you watch the THIS_IS_A_MENTION play? Don't forget to visit appehtite.ca! #OfficialProtein #WeTheNorth
-1,Not a good game. #wethenorth They are not in the right mood.
-1,Seeking #rockclimbing #inspiration #motivation #ReelRock11 THIS_IS_A_MENTION tonite #thethrillofthehills  #indoorinCanada #WinterIsHere #WeTheNorth
-1,Basically yelling at 2 screens right now. #TFC #RTZ #WeTheNorth
-1,I got shots at my school Side effects really hurt I got muscle spasms #RTZ  #ShowWithNoName #mindset #DeadRising4 #RTZ #WeTheNorth
-1,"Watch ""Episode 10 : Double Digits"" on YouTube THIS_IS_A_URL #TMLtalk #Toronto #wethenorth #RTZ"
1,Morning. #WeTheNorth THIS_IS_A_URL
1,"Past ğŸ‘ŠğŸ¾ Present. Welcome back, THIS_IS_A_MENTION #WeTheNorth THIS_IS_A_URL"
1,That's gonna be a popular cast at school tomorrow. ğŸ–Š #WeTheNorth THIS_IS_A_URL
1,Tonight's THIS_IS_A_MENTION starting lineups. #WeTheNorth THIS_IS_A_URL
1,Superman in the house tonight. #RTZ #WeTheNorth THIS_IS_A_URL
1,Patterson called bank! #NBAVine #WeTheNorth THIS_IS_A_URL
1,"Past ğŸ‘ŠğŸ¾ Present. Welcome back, mrvincecarter15. #WeTheNorth THIS_IS_A_URL #GoCrushIt"
1,"Past ğŸ‘ŠğŸ¾ Present. Welcome back, mrvincecarter15. #WeTheNorth THIS_IS_A_URL"
1,"The 3rd-Quarter is underway and the #Raptors trail 65-62 to the #Grizzlies 

#WeTheNorth 

Listen Here - THIS_IS_A_URL"
1,#Grizzlies THIS_IS_A_MENTION THIS_IS_A_MENTION up and over #Raptors THIS_IS_A_MENTION #WetheNorth THIS_IS_A_MENTION during 1st half... THIS_IS_A_URL
1,"Lady behind me says ""Can you pretend you are my kids' mom and introduce them""?  Pressure is on;)  THIS_IS_A_MENTION THIS_IS_A_MENTION #WeTheNorth"
1,Lowry 30/58 3s. Its Kyle's time to shine! #WeTheNorth #RTZ
-1,Sure Bradley's been missing all night long KCP BUT you can't leave him that wide open..... #DetroitBasketball
-1,"Harris knocks down the 3 &amp; #DetroitBasketball is on a 9-2 run on NBATV #NBARapidReplay THIS_IS_A_URL

â€” NBA (NBA) December 1, 20â€¦"
-1,Go to work Ish. #DetroitBasketball THIS_IS_A_URL
-1,As a piston fan. That is not a good call at all. #DetroitBasketball #BostonCeltics
-1,It's quiet as fuck in Boston #DetroitBasketball
-1,These refs are slowly losing control of this game...... #DetroitBasketball
-1,Close it out Pistons! #DetroitBasketball 9 mins left and up 8
-1,"Picked the worst day to bet against #detroitbasketball vs #celtics today. Their starting 5 shooting 68% up 10 at Q4..
CMON CELTS!ğŸ€
#DETvsCEL"
-1,Your #LAClippers are going down tonight THIS_IS_A_MENTION #DetroitBasketball!!!
-1,"Tip Off 
Clippers(14-2)
@
Pistons(7-9)
#NBA #ItTakesEverything #DetroitBasketball"
-1,.THIS_IS_A_MENTION has a 5U #NBA Play in the #ItTakesEverything #DetroitBasketball game. Grab it here now for just $30!â€¦ THIS_IS_A_URL
-1,#DetroitBasketball #GoPistons #Pistons Stanley Johnson Suspended for Violating Team Rules: Latest Details and .. THIS_IS_A_URL
-1,Your THIS_IS_A_MENTION take on the Clippers at 7:30PM. THIS_IS_A_URL for broadcast info! Let's GO!â€¦ THIS_IS_A_URL
1,Plenty of highlights to be had in this one. #Pistons Playback recaps tonight's win in Charlotte. #DetroitBasketball THIS_IS_A_URL
1,#34 led everyone with 24 tonight. #DetroitBasketball. THIS_IS_A_MENTION THIS_IS_A_URL
1,Harris knocks down the 3 &amp; #DetroitBasketball is on a 9-2 run on THIS_IS_A_MENTION #NBARapidReplay THIS_IS_A_URL
1,Wired: Tobias talked about the key to tonight's win in our Quote of the Night. #DetroitBasketball THIS_IS_A_URL
1,Tobias was terrific last night for our THIS_IS_A_MENTION Power Performance. #DetroitBasketball THIS_IS_A_URL
1,Wired: Check in with the guys after last night's win in Charlotte. #DetroitBasketball THIS_IS_A_URL
1,Jon Leuer rises for the finish! #NBAVine #DetroitBasketball THIS_IS_A_URL
1,#NBAextra #DetroitBasketball ğŸ’ªğŸ’ªğŸ’ªğŸ’ªğŸ’ªğŸ’ªğŸ’ªâ˜ºğŸ€ğŸ‘So strong!
1,"Ish Smith, my goodness he cannot be stopped tonight. #Pistons #DetroitBasketball"
1,This game is so dope! #DetroitBasketball
1,Ish Smith is balling!!! They can not stop him! #DetroitBasketball
1,Why doesn't Ish always ball like this. Don't be a sometimes baller bro #DetroitBasketball
-1,These rappers now require more skill than the underdogs with more talent #GrindCity #StillMovin #HipHop
-1,"Harrison really has been watching Conley, he took his hesitationğŸ˜‚ğŸ’ªğŸ¾ #GrindCity"
-1,I still think the THIS_IS_A_MENTION will lose by 10+. Great to see them competitive though. #GrindCity
-1,Wade Baldwin doesn't understand how to run an NBA offense. He just drives to the hoop every time. Rookie. #GrindCity
-1,"Ugly, ugly game. We will take that win, though. #GrizzNation #GrindCity THIS_IS_A_URL"
-1,"Atta way, Mike! Straight to the bus! #businesstrip #grindcity THIS_IS_A_URL"
-1,#TargetRun #dubchallenge #KevinLove #GrindCity #Survivor #TotalDivas #DALvsNSH #EmpireFox Who all have a #NiceSizeTurkeyAndHam #TBABY #Love
-1,"So. Darn. Stressful.ğŸ˜¬ğŸ˜ğŸ˜¬
#GrindCity THIS_IS_A_URL"
-1,Did Conley just try to throw an alley to Z-Bo? #GrindCity  #Nba
-1,Ilyasova sounds like some dirty Russian bathtub vodka... Hit your free throws THIS_IS_A_MENTION #GrindCity
-1,The Philadelphia announcers just made fun of Big Marc for speaking Spanish... Real professional guys #grizzlies #GrindCity #76ers #Weak
-1,Ilyasova needs to get fined for all of the flopping he's doing tonight. Get'em Grizzlies #GrindCity
1,".""THIS_IS_A_MENTION dunk"" is pretty much a scheduled tweet at this point. #GrindCity THIS_IS_A_URL"
1,"Woah, that HUSTLE by THIS_IS_A_MENTION #GrindCity"
1,We're back at it Wednesday in Toronto. #GrindCity THIS_IS_A_URL
1,It's time. #GrindCity THIS_IS_A_URL
1,Very limited roster tonight for THIS_IS_A_MENTION in TOR. But broadcast on THIS_IS_A_MENTION will have a full roster starting at 6 pm CT. #GrindCity
1,THIS_IS_A_MENTION I apologize for all the bad things I've said about you're proving me wrong each and every game! #GrindCity
1,.THIS_IS_A_MENTION assistant coach Bob Bender talks to THIS_IS_A_MENTION about keeping the team disciplined in the 2nd half.â€¦ THIS_IS_A_URL
1,THIS_IS_A_MENTION glad to know there are more grizzlies fans in my area. Hope to go to a watch party soon! ğŸ™ğŸ¾ #GrindCity
1,A little THIS_IS_A_MENTION at a THIS_IS_A_MENTION game never hurt anyone ğŸ™ŒğŸ¼ #GrindCity THIS_IS_A_URL
1,The pessimist complains about the wind; the optimist expects it to change; the realist adjusts the sails - #GrindCity
1,The latest Clif's Notes on Sports - #hailstate! THIS_IS_A_URL Thanks to THIS_IS_A_MENTION #hailstate #grindcity
1,I can dig this version of the THIS_IS_A_MENTION while the injuries are stacked. #GrindCity
-1,Other stats from Thunder Mobile App. #ThunderUp THIS_IS_A_URL
-1,Russ is freaking flash right now. ğŸ˜‚ #ThunderUp
-1,We're calling walking when using a pivot foot. It's like they don't always know the rules. #icantwaittilicantsee #thunderup
-1,Dre got Kneed in the thigh ... ğŸ˜«#ThunderUp
-1,Westbrook needs to find other ways to contribute. His Js are off today #ThunderUp
-1,ğŸ˜± ğŸ˜¦what's wrong with Dre.  #ThunderUp
-1,When elephants fight only the grass suffers ğŸ˜‚. Kanter ğŸ’ªğŸ¼#ThunderUp
-1,Wait...The refs actually gave us a foul call? Under the rim? #ThunderUp
-1,THIS_IS_A_MENTION ended the half with authority.Slammed so hard that nobody had to say to let the boys be boys.It was just understood. #ThunderUp
-1,Defense leads to offense. #ThunderUp
-1,"Oladipo now works at an office? Lol he ""files"" to the rim. #ThunderUp THIS_IS_A_URL"
-1,12-8-8 for Russ.  First half triple double within reach. #ThunderUp
1,Russell Westbrook is now averaging a triple-double. #ThunderUp THIS_IS_A_URL
1,U ready to #ThunderUp?Thunder hosts Wizards tonight in OKC. THIS_IS_A_URL
1,Russell. In the building &amp; on the floor. Watch it all! #ThunderUp #OKCvsWAS THIS_IS_A_URL
1,Oladipo j at the buzzer! Thunder leads Wizards 32-19 after one. #ThunderUp THIS_IS_A_URL
1,Russ to Dre. ğŸˆorğŸ€? #ThunderUp THIS_IS_A_URL
1,Full stats and highlights from last night's W in NYC: THIS_IS_A_URL #thunderup THIS_IS_A_URL
1,Thunder bench outscored Knicks' 48-19. #ThunderUp THIS_IS_A_URL
1,"About a minute into Q3. Russ has another triple-double. 3rd straight, 8th of the season, 45th of his career.â€¦ THIS_IS_A_URL"
1,SO far tonight the #okcthunder are showing a lot of teamwork and togetherness as the help Russell Westbrook from thâ€¦ THIS_IS_A_URL
1,#ThunderUp lead the #Wizards 58-47 with just 1 minute to go in half #1!
1,#OKCThunder #ThunderUp #FanPhotos On-Court Promotions THIS_IS_A_URL
1,Thunder have 14 fast break points. #ThunderUp
-1,Well that was a weird passage of play! #LakeShow
-1,LOU WILL  DEFENSE?! #Lakeshow #GoLakers
-1,U got thrown booiii #lakeshow
-1,Not now Brandon pleaseeee! #LakeShow
-1,Don't do this Sam. Don't do it. #LakeShow THIS_IS_A_URL
-1,OMG what happened to B.I?? #LakeShow
-1,15 turnovers in the first half? ğŸ˜³ #lakers #lakeshow should be blowing the #Bulls out
-1,Close game still pissing me off. #LakeShow
-1,C'mon...admit it...you never thought the Lakers would be tied at the half after trailing by 14. Way to battle out there!#LakeShow
-1,"Half-time, Lakers tied at 47. Not a great first half, but give the team credit, they stuck with it and brought it back. #LakeShow"
-1,Tied at half after all that #LakeShow
-1,"This game shouldn't be tied, but here we are #lakeshow"
1,"Smiling through the pain. Get well soon, Unk! #LakeShow THIS_IS_A_URL"
1,Uncle P is coming out fired up tonight ğŸ”¥ #LakeShow THIS_IS_A_URL
1,Let's go #LakeShow!! THIS_IS_A_URL
1,Almost time #LakeShow THIS_IS_A_URL
1,Ball is up. #LakeShow
1,A block by Ingram leads to a fastbreak dunk by Nance Jr. #LakeShow (ğŸ“º: THIS_IS_A_MENTION &amp; THIS_IS_A_MENTION THIS_IS_A_URL
1,Gameday in the Windy City #LakeShow THIS_IS_A_URL
1,B.I. getting them up #LakeShow THIS_IS_A_URL
1,Pregame Glove Work #LakeShow THIS_IS_A_URL
1,#LakeShow gets rolling in the Big Easy at 5pm PT on THIS_IS_A_MENTION THIS_IS_A_URL
1,Calderon and Mozgov run the pick and roll straight to the basket for a slam #LakeShow (ğŸ“º: THIS_IS_A_MENTION &amp;â€¦ THIS_IS_A_URL
1,Ingram And 1 baby #LakeShow
-1,THIS_IS_A_MENTION THIS_IS_A_MENTION most warriors fans have suffered....I see #bandwagonhaters....you gave a shit abougt #DubNation 2 years ago?
-1,Casually ran into James Harden who wanted nothing to do with his fans. Smash on his face Dubs!! #dubnation THIS_IS_A_URL
-1,Kerr says that First round draft pick Damian Jones will not be active tonight after being recalled fromTHIS_IS_A_MENTION Cruz #Warriors #DubNation
-1,THIS_IS_A_MENTION ayyyy #DubNation I fuck with you
-1,Lucy fucked that ass up ğŸ˜‚ #DubNation
-1,These remind me of cranberry sauce THIS_IS_A_URL #kevindurant #kd9 #nike #basketball #sneakers #techâ€¦ THIS_IS_A_URL
-1,Happy Birthday THIS_IS_A_MENTION hope it's a good one!! #DubNation
-1,5 Daily Fantasy Basketball Value Plays for 11/28/16 THIS_IS_A_URL via THIS_IS_A_MENTION #DubNation
-1,Cyber Monday Sale - 30% Off On All Warriors Apparel - THIS_IS_A_URL #DubNation
-1,Happy birthday!! THIS_IS_A_MENTION ğŸ˜›ğŸ˜› #DubNation THIS_IS_A_URL
-1,Coming soon: Me as a mom #DubNation THIS_IS_A_URL
-1,SFCR EQUIPMENT #CyberMonday #GilmoreGirls #GivingTuesday #recount #NotforProfit #Dubnation #donate #SocialGood THIS_IS_A_URL
1,12 in a row #DubNation THIS_IS_A_URL
1,.THIS_IS_A_MENTION had some ğŸ”¥ defense last night... And some ğŸ”¥ offense. #DubNation THIS_IS_A_URL
1,Lock in! #DubNation
1,#DubNation feelin' like THIS_IS_A_URL
1,"Steph #SPLASH puts the squad up 102-94, 2:48 left in the game. #DubNation"
1,Dubs up 95-89 with 4:05 to go ğŸ’ªğŸ½ #DubNation THIS_IS_A_URL
1,Game. On ğŸ€ #DubNation
1,Dubs up 102-99 with 1:28 left in the game. #DubNation THIS_IS_A_URL
1,Gonna be an interesting 4Q #DubNation THIS_IS_A_URL
1,Ian with a quick 5 points in 4 minutes. All tied up at 44 with 4:48 left in the half. #DubNation THIS_IS_A_URL
1,Got a close one at the half. #DubNation THIS_IS_A_URL
1,"Back-to-back buckets for Klay puts the Dubs up 18-14, 4:01 left in 1Q. #DubNation"
1,"Schroder has 9 points &amp; 2 steals, as THIS_IS_A_MENTION lead THIS_IS_A_MENTION 53-50 at the half on NBA League Pass. Klay pacingâ€¦ THIS_IS_A_URL"
1,really? bogut goes to DAL and plays the ENTIRE 1 st qtr?! wow. did he average 12 mins/ game last yr w GS?? #DubNation #SAvsDAL
1,Got it in time before I head back home to the #BayArea! ğŸ˜‚ğŸ’™ğŸ’› THIS_IS_A_MENTION #DubNation THIS_IS_A_URL
1,THIS_IS_A_MENTION Jun-Jun finally showing his true colorsğŸ€ #DubNation THIS_IS_A_URL
1,"THIS_IS_A_MENTION HOLINESS! YES, THANKS THIS_IS_A_MENTION !!  THIS_IS_A_MENTION ğŸ˜ #DubNation"
1,My all-time favorite THIS_IS_A_MENTION player is Chris Webber #DubNation #CLSweeps
1,"Listen up #dubnation, StephenCurry30 has something to say: Enjoyed this one, thanks jasongay. Check it out in wsjmâ€¦ THIS_IS_A_URL"
1,THIS_IS_A_MENTION lol.  Lock In #DubNation
1,Good luck lol #DubNation THIS_IS_A_URL
1,12 in a row #DubNation THIS_IS_A_URL
1,.THIS_IS_A_MENTION had some ğŸ”¥ defense last night... And some ğŸ”¥ offense. #DubNation THIS_IS_A_URL
1,Lock in! #DubNation
1,#DubNation feelin' like THIS_IS_A_URL
1,"Steph #SPLASH puts the squad up 102-94, 2:48 left in the game. #DubNation"
1,Dubs up 95-89 with 4:05 to go ğŸ’ªğŸ½ #DubNation THIS_IS_A_URL
1,Game. On ğŸ€ #DubNation
1,Dubs up 102-99 with 1:28 left in the game. #DubNation THIS_IS_A_URL
1,Gonna be an interesting 4Q #DubNation THIS_IS_A_URL
1,Ian with a quick 5 points in 4 minutes. All tied up at 44 with 4:48 left in the half. #DubNation THIS_IS_A_URL
1,Got a close one at the half. #DubNation THIS_IS_A_URL
1,"Back-to-back buckets for Klay puts the Dubs up 18-14, 4:01 left in 1Q. #DubNation"
1,"Schroder has 9 points &amp; 2 steals, as THIS_IS_A_MENTION lead THIS_IS_A_MENTION 53-50 at the half on NBA League Pass. Klay pacingâ€¦ THIS_IS_A_URL"
1,really? bogut goes to DAL and plays the ENTIRE 1 st qtr?! wow. did he average 12 mins/ game last yr w GS?? #DubNation #SAvsDAL
1,Got it in time before I head back home to the #BayArea! ğŸ˜‚ğŸ’™ğŸ’› THIS_IS_A_MENTION #DubNation THIS_IS_A_URL
1,THIS_IS_A_MENTION Jun-Jun finally showing his true colorsğŸ€ #DubNation THIS_IS_A_URL
1,"THIS_IS_A_MENTION HOLINESS! YES, THANKS THIS_IS_A_MENTION !!  THIS_IS_A_MENTION ğŸ˜ #DubNation"
-1,THIS_IS_A_MENTION THIS_IS_A_MENTION most warriors fans have suffered....I see #bandwagonhaters....you gave a shit abougt #DubNation 2 years ago?
1,My all-time favorite THIS_IS_A_MENTION player is Chris Webber #DubNation #CLSweeps
1,"Listen up #dubnation, StephenCurry30 has something to say: Enjoyed this one, thanks jasongay. Check it out in wsjmâ€¦ THIS_IS_A_URL"
1,THIS_IS_A_MENTION lol.  Lock In #DubNation
1,Good luck lol #DubNation THIS_IS_A_URL
1,THIS_IS_A_MENTION THIS_IS_A_MENTION THIS_IS_A_MENTION Nothing is more annoying than Lakers &amp; Cowboys fans. Let us have our moment! #DubNation
-1,Casually ran into James Harden who wanted nothing to do with his fans. Smash on his face Dubs!! #dubnation THIS_IS_A_URL
1,"i'm not proud of this, but then again, i am. #dubnation #hubnationmorelike THIS_IS_A_MENTION THIS_IS_A_URL"
1,#DubNation #DallasCowboys #HereComesDuke &amp; #WhoeverCanBeatBamaNation .. 2017 looking good for me ğŸ’«
1,"""I make the best paper airplane on the West Coast."" #DubNation THIS_IS_A_URL"
1,Try and tell me that warriors fans aren't the shit after watching this ğŸ˜‚ #DubNation THIS_IS_A_URL
1,Bossed up #bosslife #dubtalk #dubnation #jdub2k16 #flipagram @ City of Kendallville THIS_IS_A_URL
1,Mini-Mix: Kevin Durant STRONG Start to 2016-2017 Season! #NBA #DubNation THIS_IS_A_URL
1,Mini-Mix: Kevin Durant's STRONG Start to 2016-2017 Season! #NBA #DubNation THIS_IS_A_URL
1,Why people hating on KD?!?! #DUBNATION
1,Ok im ready and awake!! Let's Go #DubNation
1,I know you not goingğŸ˜‚ğŸ‘ŒğŸ½ğŸ´#DubNation THIS_IS_A_URL
1,THIS_IS_A_MENTION says the guy with 6 points a game.  #youmadbro. #dubnation
1,"Packers, Saints, Browns...Joe Callahan is now back with the Green Bay Packers. #thedub #d3fb #DubNationâ€¦ THIS_IS_A_URL"
1,Atlanta hawks tonight ğŸ˜  #dubnation ğŸ’™ğŸ’›  let's get this W ğŸ˜ˆğŸ’¯ğŸ€  warriors all day
1,#TrueToAtlanta #DubNation where are you I'm tuned in through THIS_IS_A_MENTION  let's get it crackin ğŸ€ğŸ€ğŸ€ğŸ€ğŸ€ğŸ€ğŸ€
1,30 minutes until game time!!! Lets go #DubNation â—ï¸ğŸ’¦ğŸ’¦
1,"THIS_IS_A_MENTION lol Lacin em up #RightNow 4ppl like me!ğŸ‘ŸğŸ˜ğŸ˜ğŸ˜œğŸ’ªğŸ‘ŒğŸ€ğŸ‘‘ #SplashğŸŒŠ Dats rite, #NoMoreDroplets ppl,They Bringin #WAVES! #DubNation #GSW"
1,Marreese Speights #DUBNATION #CLSWEEPS
1,I'm in the building WARRIORS BABY! #goldenstatewarriors #dubnation #warriors #kdbobbleheadnightâ€¦ THIS_IS_A_URL
1,Draymond Green and Ian Clark are both active for tonight's game. #DubNation
1,Lock in #DubNation
1,#DubNationâœ¨Warriors: Draymond Green and Ian Clark both will play Monday vs. Hawks after missing Saturday's game duâ€¦ THIS_IS_A_URL
1,Warriors player needs to aware Paul Millsap. Low-post defense is the key tonight. #DubNation #Warriors
1,Game day #DubNation
1,THIS_IS_A_MENTION THIS_IS_A_MENTION #TrueToAtlanta #dubnation - get some ğŸ€ basketball on your TV THIS_IS_A_MENTION THIS_IS_A_URL
1,Lock in! ğŸ”’ğŸ€ #DubNation
1,Who's down to go to a Nets vs Golden State game? #DubNation
1,Come out &amp; catch #Warriors vs #Hawks at 7:30pm. + Enjoy half #HappyHour all night! ğŸ» #DubNation THIS_IS_A_URL
1,Let's go THIS_IS_A_MENTION Time to get the win!!!!! #DubNation ğŸ’™ğŸ’›ğŸ’™ğŸ’›ğŸ’™ğŸ‘ğŸ½ğŸ’ªğŸ½ğŸ’ªğŸ½
1,Lock in! #DubNationÂ  â˜ğŸ»ï¸
1,THIS_IS_A_MENTION Jason Richardson!! #DUBNATION #CLSWEEPS
1,"With a win tonight, THIS_IS_A_MENTION will match Mike Budenholzer in career coaching wins. In 82 less games. #Warriors #DubNation"
1,"Lock in. 
#DubNation THIS_IS_A_URL"
1,Achilles is waiting for the THIS_IS_A_MENTION game to start !!!! #DubNation #Yorkie #ToughYorkie  #LoveMyGoodBoyâ€¦ THIS_IS_A_URL
1,My all-time favorite THIS_IS_A_MENTION player is _______________ #klaythompson #DubNation #CLSweeps
1,Draymond Green will start tonight and Ian Clark is active. #DubNation
1,Ask me what I do &amp; who I do it for ğŸ˜†ğŸ˜ THIS_IS_A_MENTION #DubNation THIS_IS_A_URL
1,THIS_IS_A_MENTION yay just saw day days expected to start! Miss his fire! Love how quickly he recoversğŸ’ª #dpoy#beast #dubnation
1,30 minutes away and it's time get LOCKED IN #BEATATLANTA #DUBNATION
1,THIS_IS_A_MENTION THIS_IS_A_MENTION THIS_IS_A_MENTION A savage in the making... Haha #DubNation
1,"At the THIS_IS_A_MENTION game watching warm-ups. THIS_IS_A_MENTION is unreal, rapid-fire bucket after bucket. ğŸ”¥ğŸ”¥ğŸ”¥#DubNation"
1,Oracle for Warriors vs Hawks. Let's go Warriors! #DubNation THIS_IS_A_URL
1,You can feel the Energy all through the arena.... #WarriorsGround  #DubNation THIS_IS_A_URL
1,THIS_IS_A_URL updates card #76 THIS_IS_A_URL for THIS_IS_A_MENTION #DubNation #WarriorsGround #ThisIsWhyWePlay
1,Gettin' the engine ready for gameday. #DubNation THIS_IS_A_MENTION THIS_IS_A_URL
1,#draymondgreen #LetsGoWarriors #DubNation #Dubs @ Golden State Warriors Home Game THIS_IS_A_URL
1,"UPDATE: Draymond Green starting, Ian Clark available for #Warriors vs #Hawks (via THIS_IS_A_MENTION THIS_IS_A_URL"
1,Lookin' for 12 in a row. #dubnation #gsw #roaracle #splashbros @ Golden State Warriors Home Game THIS_IS_A_URL
1,One #NBA game is still on the board! #TrueToAtlanta #DubNation Join Now - Use Promo Code MYVSI THIS_IS_A_MENTION
1,Game day! Go warriors #DubNation
1,i don't fw the warriors but yeah that's a dub. #dubchallenge #DubNation THIS_IS_A_URL
1,THIS_IS_A_URL updates card #5 THIS_IS_A_URL for THIS_IS_A_MENTION #DubNation #WarriorsGround #ThisIsWhyWePlay
1,Warriors v. Hawks game preview. #DubNation THIS_IS_A_URL
1,"Draymond Green, Ian Clark expected to be available for #Warriors vs #Hawks (via THIS_IS_A_MENTION THIS_IS_A_URL"
1,"NBA Spurs Rumors: Gregg Popovich Praises Kawhi Leonard, Hates Steph Curry THIS_IS_A_URL #NBA #GoSpursGo #DubNation #StephCurry"
1,The #Hawks are 1-8 SU in their last nine games against the #Warriors. #TrueToAtlanta #DubNationâ€¦ THIS_IS_A_URL
1,"Hasn't even had one full-contact practice yet, #DubNation! THIS_IS_A_URL"
1,WATCH: #Warriors Pregame Live starts NOW on CSN Bay Area and streaming on the THIS_IS_A_MENTION THIS_IS_A_URL #DubNation #NBA
1,"Draymond Green, Ian Clark expected to return against Hawks THIS_IS_A_URL via THIS_IS_A_MENTION #DubNation"
1,THIS_IS_A_MENTION #StephCurry is just #awesome lol. #DubNation #GoGetEm 2nite guys!!! #UGotDis!!!ğŸ’ªğŸ‘Œâ˜ğŸ’™ğŸ’› THIS_IS_A_URL
1,WATCH: THIS_IS_A_MENTION Who's #Warriors' biggest threat in Western Conference? THIS_IS_A_URL #DubNationâ€¦ THIS_IS_A_URL
1,Enemy territory #D12 #Warriors #DubNation @ Golden State Warriorsâ€¦ THIS_IS_A_URL
1,GAME DAY #DubNation ğŸ’™ğŸ’›ğŸ’™ THIS_IS_A_URL
1,Watching my man THIS_IS_A_MENTION  #DubNation #StephGonnaSteph THIS_IS_A_URL
1,It's game dayğŸ’›ğŸ’™ #dubnation
1,Got my #KevinDurant #bobblehead #DubNation #DubzAllDay #Warriors @ Golden State Warriors Home Game THIS_IS_A_URL
1,Suite Life #DubNation THIS_IS_A_URL
1,In the building. KD Bobblehead night. #DubNation THIS_IS_A_URL
1,Dude although THIS_IS_A_MENTION Hassan Whiteside is my favorite center of all time I wish he could be on the warriors #DubNation
1,Let's Go Dubs! #KDBobbleHead #Warriors #DubNation THIS_IS_A_URL
1,#Warriors head coach Steve Kerr on status of Draymond Green (left ankle). #DubNation #WarriorsGround THIS_IS_A_URL
1,just landed in miami and i feel like a brand new person im deading everyone i ever knew #dubnation
1,THIS_IS_A_MENTION THIS_IS_A_MENTION I don't think so. #DubNation #Warriors #goldenstatewarriors THIS_IS_A_URL
1,Back home for the first time in 2 years #warriorsground #dubnationâ€¦ THIS_IS_A_URL
1,I just saw the KD Drake video ğŸ˜‚ğŸ˜‚ğŸ˜‚ğŸ˜‚ğŸ˜‚ğŸ˜‚ğŸ˜‚ KD how you feel about Drake night? I dont give a d*** about a Drake night! Lol #BOSS #DubNation #KD
1,THIS_IS_A_MENTION haha enjoy your bobblehead....hoping you making that collection....#warriors #dubnation
1,At the #Warriors game tonight with THIS_IS_A_MENTION #DubNation #LetsGoWarriors #Dubs #DubzAllDay THIS_IS_A_URL
1,#kdbobbleheadnight #dubnation #godubs #beatatlanta #abc7now #igerssf @ Golden State Warriorsâ€¦ THIS_IS_A_URL
1,Got KD tho #dubnation THIS_IS_A_URL
1,"Let them live ğŸ˜‚, like all of #DubNation don't tweet ğŸ’¦ğŸ’¦ğŸ’¦ when curry hit a 3 ğŸ˜´ THIS_IS_A_URL"
1,Off to a good start! #DubNation ğŸ€ğŸ€ THIS_IS_A_URL
1,Hey #DubNation! Watching #Warriors vs #Hawks tonight? Pick up some food to go!  #bayareafood THIS_IS_A_URL
1,Check out some of my recent #moves on THIS_IS_A_MENTION ğŸ˜‚ğŸ’™ğŸ’› #warriors #warriorsground #dubnationâ€¦ THIS_IS_A_URL
1,Come out &amp; catch #Warriors vs #Hawks on the big screen tonight at 7:30pm. Arrive early to make our #HappyHour! ğŸ¹â€¦ THIS_IS_A_URL
1,#kdbobbleheadnight  #dubnation @ Oracle Arena and Oakland Alameda County Coliseum THIS_IS_A_URL
1,Yay!! #KevinDurant #Warriors #DubNation #WarriorsGround #LetsGoWarriors ğŸ’™ğŸ€ğŸ’› @ Golden Stateâ€¦ THIS_IS_A_URL
1,Warriors vs Hawks later ğŸ’¯ğŸ€ğŸ’ª#DubNation #LetsGoWarriorsLive THIS_IS_A_URL
1,#godubs #dubnation #kdbobbleheadnight #abc7now #igerssf @ Golden State Warriors Oracle Arena THIS_IS_A_URL
-1,Kerr says that First round draft pick Damian Jones will not be active tonight after being recalled fromTHIS_IS_A_MENTION Cruz #Warriors #DubNation
1,THIS_IS_A_MENTION looking ready for tonight's game #goldenstatewarriors  #DubNation #NBA THIS_IS_A_MENTION #TrentFuller THIS_IS_A_URL
1,THIS_IS_A_MENTION THIS_IS_A_MENTION #DubNation or #ChokeNation...I think choke nation wbu???
1,#goldenstatewarriors forward #DraymondGreen returning tonight. Can't wait #godubs #dubnation THIS_IS_A_MENTION #fanart THIS_IS_A_URL
1,Stephen Jackson was the best captain #DUBNATION #CLSWEEPS
1,may laban warriors goodluck #DubNation
1,If the warriors win tonight it will be 12 games won in a row. Focus let's get this win. #DubNation
1,Aye y'all can join #DubNation if ya want. THIS_IS_A_URL
1,Game day! ğŸ˜#DubNation
1,THIS_IS_A_MENTION #DubNation #CLSWEEPS Stephen Curry
1,It's the most wonderful time of the year!! âš½ï¸ #WeDemBoyz #DubNation THIS_IS_A_URL
1,THIS_IS_A_MENTION THIS_IS_A_MENTION  #DubNation knows how to choke a 3-1 lead better
1,Look @ the points and look at his number #Curry30 #DubNation #KDrive THIS_IS_A_URL
1,Durant takes in Raiders home game: 'Atmosphere was on another level' THIS_IS_A_URL #DubNation THIS_IS_A_URL
1,Last year to this year. #dubchallenge #dublife #DubNation #DuborDie THIS_IS_A_URL
1,I've become a person who just watches #NBA #basketball. Like I'm #scouting for the #Warriors. #idontevenknow #DubNation #basketballseason
1,Who you starting your NBA  franchise with? Lillard or Curry? #DubNation #TrailBlazers THIS_IS_A_URL
-1,THIS_IS_A_MENTION ayyyy #DubNation I fuck with you
1,#dubnation #godubs #igerssf #abc7now @ Golden State Warriors Home Game THIS_IS_A_URL
1,#abc7now #igerssf #godubs #dubnation @ Golden State Warriors Home Game THIS_IS_A_URL
1,"Lock In! 
#DubNation"
1,The NBA has announced Kevin Durant as Western Conference Player of the Week â•ğŸ‘ğŸ½ #DubNation THIS_IS_A_URL
1,THE BAY ... New TasteMaker ğŸ» #DubNation Crewneck Sweatshirt in Royal Blue ğŸŒŠğŸŒŠğŸŒŠğŸŒŠ Grabs yours viaâ€¦ THIS_IS_A_URL
1,THIS_IS_A_MENTION are you at Oracle tonight? #DubNation
1,still trying to figure out why #celtics dont feed bradley we he starts heating up? maybe im just used to watching the dubs... #DubNation
1,The Weekly Dish THIS_IS_A_URL #Warriors #DubNation THIS_IS_A_URL
1,Durant takes in Raiders home game: 'Atmosphere was on another level' THIS_IS_A_URL via THIS_IS_A_MENTION #DubNation
1,The Golden State Warriors react to NFL Sunday THIS_IS_A_URL via THIS_IS_A_MENTION #DubNation
1,Game Day! Go THIS_IS_A_MENTION #DubNation #BayArea nbabrasil THIS_IS_A_URL
1,"#FunFact: for all the ""#Warriors lack rim protection"" chatter that's been floating around. #DubNation is 2nd in NBA in team blocks per game."
1,Game Day! Go Golden State Warriors! #DubNation #BayArea NBA Brasil THIS_IS_A_URL
1,The Weekly Dish THIS_IS_A_URL via THIS_IS_A_MENTION #DubNation
1,Favorite thing about the NBA season so far #DubNation THIS_IS_A_URL
1,THIS_IS_A_MENTION THIS_IS_A_MENTION THIS_IS_A_MENTION  Elevation Sensation Tim Roye calling #Dubs games one of the best to do it in any sport! #DubNation
1,Let's go Warriors #DubNation
1,these THIS_IS_A_MENTION got the sauce THIS_IS_A_URL #dubnation  #kevindurant #kd9 #basketball #sneakers #techâ€¦ THIS_IS_A_URL
1,"Back on #WarriorsGround and looking oh so chic! ğŸ‘Œ
#ootd #gameday #fashion #onpoint #warriors #dubnation THIS_IS_A_URL"
1,#dubnation all time favorite
1,Let's start the games already! #NBA #SacramentoProud #DCFamily #HeatNation #Celtics #DubNation #TrueToAtlanta #WeTheNorth #ThunderUp
1,Some new Curry's on the way THIS_IS_A_URL #dubnation  #stephencurry #klaythompson #kevindurant #sneakersâ€¦ THIS_IS_A_URL
1,I'm not mad at the hawks so its hard to get excited for this team coming in... #DubNation
1,THIS_IS_A_MENTION I'm off from work tonight so I will be able to watch. Go for 50 or get a triple double. #LockIn #DubNation
1,"Ian Clark, KD, and Steph ğŸ™ŒğŸ¼ #DubNation THIS_IS_A_URL"
1,"Jeeezz. After dropping consecutive games, THIS_IS_A_MENTION will get THIS_IS_A_MENTION . #DubNation #TrueToAtlanta"
1,Kevin Durant takes in #Raiders home game: 'Atmosphere was on another level' THIS_IS_A_URL #RaiderNationâ€¦ THIS_IS_A_URL
1,no biggie just another 10:30 game to disrupt my sleep but #BEATTHEHAWKS #DubNation
-1,Lucy fucked that ass up ğŸ˜‚ #DubNation
1,"GAMEDAY! Let's get the W, come on THIS_IS_A_MENTION ğŸ˜ˆ #DubNation THIS_IS_A_URL"
1,STEPH CURRY painting is now available! $35 posters to full size paintings as low as $99! Shopâ€¦ THIS_IS_A_URL
1,Just wanna watch this game tonight ğŸ˜© #DubNation
1,THIS_IS_A_MENTION y'all ready to lose by 30? #DubNation
1,"THIS_IS_A_MENTION ""Lock in! #DubNation"" ğŸ˜‚ğŸ˜‚ğŸ˜‚"
1,I'm so irrationally hyped for this! #DubNation THIS_IS_A_URL
1,THIS_IS_A_MENTION THIS_IS_A_MENTION THIS_IS_A_MENTION #DubNation make it 12
1,THIS_IS_A_MENTION just keep that fire on THIS_IS_A_MENTION .. #GoodLuck to your games ;-) #DubNation
1,THIS_IS_A_MENTION respect the dub #DubNation
1,Because THIS_IS_A_MENTION is a good sport. We need more athletes like him. #DubNation THIS_IS_A_URL
1,game dayğŸ”¥ #DubNation
1,"After 20% of regular season games played, THIS_IS_A_MENTION in their own universe. #DubNation THIS_IS_A_URL"
1,"News #Nike #KD 9 â€œThe Sauce"". #NBA #KevinDurant #DubNation THIS_IS_A_URL"
1,Stephen Curry dons Raiders jersey after Oakland defeats his hometown Panthers -â€¦ THIS_IS_A_URL #dubnationâ€¦ THIS_IS_A_URL
1,Congrats THIS_IS_A_MENTION on Western Conference Player of the Week honorsğŸ’™ğŸ’›ğŸ‘ğŸ½ #DubNation
1,"When you use too many basketball analogies with third graders, they use them back. #DubNation #DefendTheLand THIS_IS_A_URL"
1,Please Watch #NBA #GSW #DubNation #StephCurry #Video THIS_IS_A_MENTION #WARRIORS THIS_IS_A_URL
1,THIS_IS_A_MENTION cute! ... but we still love and miss our THIS_IS_A_MENTION ğŸ’™ğŸ’› #DubNation
1,The Warriors have quietly become the superteam we all expected THIS_IS_A_URL via THIS_IS_A_MENTION #DubNation
1,Starting to plan my next ep. It will be dubstep. Should I try and get this signed when it's done? ğŸ¤” #NewMusic #DubNation #Dubstep
1,Golden State #DubNation Looks to Continue Winning Streak as #TrueToAtlanta Visits Tonight - THIS_IS_A_URL
1,KD named Western Conference player of the week ğŸ‘Œ #Dubnation
1,Yes sir #Dubnation ğŸ”¥âœŠğŸ½ THIS_IS_A_URL
1,"It's GAME DAY
#LetsGoWarriors
#DubNation
THIS_IS_A_URL"
1,Atlanta Hawks @ Golden State Warriors: Game 18 Preview THIS_IS_A_URL via THIS_IS_A_MENTION #DubNation
1,Somebody say #dubchallenage #DubNation ğŸ€âœŒğŸ¾ï¸ğŸ”¥ THIS_IS_A_URL
1,Warriors' Durant named Western Conference Player of the Week - Comcast SportsNetâ€¦ THIS_IS_A_URL THIS_IS_A_URL
1,"Winning cures all: 'Hyper, goofy' McGee fitting in with Warriors THIS_IS_A_URL #DubNation THIS_IS_A_URL"
1,"NBA Gameday: Warriors hope to have Green, Clark vs Hawks THIS_IS_A_URL #DubNation THIS_IS_A_URL"
1,Continue making history! #DubNation #StrengthInNumbers
1,"Strong Hawks team are the opponents for the Dubs tonight, if we play and defend like we have then another W is sureâ€¦ THIS_IS_A_URL"
1,I can't wait to cheer on the girls and boys tonight #DubNation ğŸ’™ğŸ€
1,THIS_IS_A_MENTION THIS_IS_A_MENTION yeah this gonna be a good game until the 3rd. Then it will be a blood bath lol #DubNation
1,Right now which player would you want to see in person the most? #poll THIS_IS_A_MENTION THIS_IS_A_MENTION #DubNation #ThunderUp #DefendtheLand
1,Kevin Durant playing some football at practice after being named the NBA Western Conference Player of the Weekâ€¦ THIS_IS_A_URL
1,THIS_IS_A_MENTION #dubnation tonight
1,Warriors' Green confident he'll return Monday - ESPN THIS_IS_A_URL #dubnation THIS_IS_A_URL THIS_IS_A_URL
1,"""Player of the Week""â›¹ğŸ¾ THIS_IS_A_MENTION  they already knew that ğŸ† though  #DubNation"
1,"Curry loses bet, dons Raiders jersey vs hometown Panthers THIS_IS_A_URL #DubNation THIS_IS_A_URL"
1,Warriors' Durant named Western Conference Player of the Week THIS_IS_A_URL #DubNation THIS_IS_A_URL
1,"After two games with Santa Cruz, Jones recalled by Warriors THIS_IS_A_URL #DubNation THIS_IS_A_URL"
1,"Game time, let's go. #Dubnation #Weready"
1,THIS_IS_A_MENTION THIS_IS_A_MENTION THIS_IS_A_MENTION Korver can't play d.. Of course the dubs can.  #DubNation
1,Come #dance with us.... you know you want to!ğŸ’ƒ #warriors #dubnation #nba #nbadancera #warriorsground THIS_IS_A_URL
1,Of course THIS_IS_A_MENTION can win 12 in a row - and they will. Right THIS_IS_A_MENTION âœŒï¸ï¸ #WeBelieve #DubNation #dubs THIS_IS_A_URL
1,THIS_IS_A_MENTION THIS_IS_A_MENTION THIS_IS_A_MENTION wait wait that's means your a fucking BANDWAGON you shoulda been a NEW Warriors fan #dubNation
1,KD named Western Conference Player Of The Weekâ• #DubNation THIS_IS_A_URL
1,"Tonight, the Dubs host the Hawks and look for there 12th straight W. #DubNation"
1,THIS_IS_A_MENTION Oakland fans are the best fans! #dubnation #raidernation
1,#DubNationâœ¨Warriors (15-2) move up 1 spot to No. 2 in the Week 6 NBA Power Rankings; host Hawks (10-7) on Monday (â€¦ THIS_IS_A_URL
1,#DubNationâœ¨Warriors: F Draymond Green (ankle) says he plans to play Monday night vs. Hawks; missed Saturday's gameâ€¦ THIS_IS_A_URL
1,Which THIS_IS_A_MENTION offer the best #DFS value tonight? #NBA #DraftKings #FanDuel #DubNation
1,Very confident my dubs are getting this win tonight !!! #Dubnation
1,THIS_IS_A_MENTION THIS_IS_A_MENTION THIS_IS_A_MENTION #Warriors are kicking ass on 11 game win streak and #Raiders are rolling ! #DubNation #RaiderNation
1,THIS_IS_A_MENTION #Warriors are kicking ass on a 11 game win streak and #Raiders are rolling red hot! #DubNation  #RaiderNation
1,THIS_IS_A_MENTION lettttssss gooooo gettttt anotheerrrrrrr 1 tonight !!ğŸ€ğŸ’¯ğŸ¤˜ #DubNation THIS_IS_A_URL
1,Kevin Durant Named Western Conference Player Of The Week THIS_IS_A_URL via THIS_IS_A_MENTION #DubNation
1,Priorities ya feel me jk ğŸ˜‚ğŸ˜‚#DubNation THIS_IS_A_URL
1,Wet!!! ğŸ’¦ğŸ’¦ğŸ’¦ Just cop'd a new Mitchell lid of this logo before I dipped to NYC too. #DubNation THIS_IS_A_URL
1,New currys! #DubNation #WarriorsGround  âœŒğŸ»ğŸ€ THIS_IS_A_URL
1,Warriorsâ€™ Kevin Durant named Western Conference Player of the Week THIS_IS_A_URL via THIS_IS_A_MENTION #DubNation
1,Nice. The THIS_IS_A_MENTION are on a roll now #DubNation
1,Hey Bro THIS_IS_A_MENTION hope you good and ready to go for tonight's game? #DubNation
1,"After two games with Santa Cruz, Jones recalled by Warriors - Comcast SportsNetâ€¦ THIS_IS_A_URL #dubnationâ€¦ THIS_IS_A_URL"
1,Five Key Stats For Golden State Warriors After A Fifth Of The Season - Forbes THIS_IS_A_URL #dubnation THIS_IS_A_URL
1,NBA Power Rankings: Golden State's rise leads shuffle in top 5 - ESPN THIS_IS_A_URL #dubnationâ€¦ THIS_IS_A_URL
1,Tim Hardaway #DubNation #CLSweeps
1,THIS_IS_A_MENTION 4 blocks in Santa Cruz debut?  Is that right?  ğŸ–ğŸ–ğŸ–ğŸ– #DubNation is with you
1,Warriorsâ€™ Damian Jones called up from Santa Cruz THIS_IS_A_URL via THIS_IS_A_MENTION #DubNation
1,THIS_IS_A_MENTION #DubNation #DefendtheLand THIS_IS_A_MENTION THIS_IS_A_MENTION THE TWO KEVINS ARE THE BEST PLAYER OF THE WEEK!!!ğŸ’ªğŸ’ªğŸ’ª
1,"GAMEDAY : Warriors vs Hawks | Oracle Arena , Oakland | 04h30 | #DubNation THIS_IS_A_URL"
1,Kevin Durant Named Western Conference Player Of The Week THIS_IS_A_URL #Warriors #DubNation THIS_IS_A_URL
1,THIS_IS_A_MENTION Cheers. 1 day... #DubNation #DefendTheLand Blessed 4 this &amp; more....Saw sum of dem moves! Send yr juju 2016! I had a curse-tis gone?
1,Damian Jones has been recalled by the Warriors from Santa Cruz. RT if you're excited to see him make his debut!â€¦ THIS_IS_A_URL
1,#DefendtheLand Kevin Love and #DubNation Kevin Durant named Eastern and Western Conference players of the week #NBA THIS_IS_A_URL
1,"Kevin Durant named Western Conference Player of the Week after avg 24.8 pts, 8.3 Rebs, 6.3 ast, 2.75 blocks. #Warriors #DubNation #NBA"
1,What a time to be a raiders and warriors fan #RaiderNation #DubNation
1,Congratulations to Kevin Durant for winning Western Conference Player of the Week!!! #DubNation warriors THIS_IS_A_URL #Raiders
1,Congratulations to Kevin Durant for winning Western Conference Player of the Week!!! #DubNation THIS_IS_A_MENTION THIS_IS_A_URL
1,Fuck it. GLOW UP IS REAL #DubNation #Dub-challenge THIS_IS_A_URL
1,"THIS_IS_A_MENTION THIS_IS_A_MENTION  are you okay, bro? #DubNation needs you back, bro?"
1,Game Day ğŸ€ğŸ‘ŒğŸ» #Warriors #DubNation #StrengthInNumbers #GoldenStateWarriors #TheCity #ThisIsWhyWePlay #LoveThisGame #ChoraDrake
1,THIS_IS_A_MENTION aye Dray how that ankle feeling? We wanna see you back. #DubNation
-1,These remind me of cranberry sauce THIS_IS_A_URL #kevindurant #kd9 #nike #basketball #sneakers #techâ€¦ THIS_IS_A_URL
1,Golden State Warriors - Atlanta Hawks - THIS_IS_A_URL ASIA THIS_IS_A_URL #dubnationâ€¦ THIS_IS_A_URL
1,Warriors tonight: Slumping Atlanta Hawks come to Oracle - The Mercury News THIS_IS_A_URL #dubnationâ€¦ THIS_IS_A_URL
1,#gametime #lockedin #DubNation I'm excited to see his on court IQ I hear at of great things about him THIS_IS_A_URL
1,WWWWWWWWWWWarriors (15-2) have won 11 consecutive games - Watch out THIS_IS_A_MENTION #DubNation THIS_IS_A_URL
1,Christmas Curry's for all THIS_IS_A_URL #curry3 #underarmour #sneakers #tech #google #dubnation #newsâ€¦ THIS_IS_A_URL
1,Raptors got Drake? That's cuteÂ…#dubnation THIS_IS_A_URL
1,Awesome weekend w/ THIS_IS_A_MENTION THIS_IS_A_MENTION THIS_IS_A_MENTION Excited to hit up my first THIS_IS_A_MENTION game tonight (vs. Hawks)! #DubNation
1,THIS_IS_A_MENTION THIS_IS_A_MENTION THIS_IS_A_MENTION THIS_IS_A_MENTION yeah finally getting the appreciation for the hard work  #DubNation
1,Game tonight ğŸ€ #DubNation
1,Game Preview: Warriors at Lakers - 11/25/16 | Golden State Warriors THIS_IS_A_URL #dubnation
1,has it really been 11 wins since that lakers thrashing? oh how time flies #DubNation
1,Game day THIS_IS_A_MENTION vs THIS_IS_A_MENTION get this W #DubNation #LetsGoWarriors
1,Steph Curry #DubNation #CLSweeps THIS_IS_A_MENTION
1,Game dayyyy #dubnation THIS_IS_A_MENTION
1,NBA: Draymond Green is 'pretty confident' that he will play tonight vs Hawks after missing the last game(ankle). #DubNation
1,The THIS_IS_A_MENTION have been looking surprisingly good so far. Very underrated team. Looking forward to playing them tonight! #DubNation
1,"If the warriors go on a 21 game win streak they will be 25-2.. not saying they will do it, just saying. #DubNation"
1,The Warriors have quietly become the superteam we all expected - SB Nation THIS_IS_A_URL #dubnationâ€¦ THIS_IS_A_URL
1,Does it really matter because there on the same team now so....Yeah #DubNation THIS_IS_A_URL
1,Bruh you're a hater #DubNation THIS_IS_A_URL
1,NBA Power Rankings: Warriors inch closer to No. 1 THIS_IS_A_URL #DubNation THIS_IS_A_URL
1,Warriors Recall Damian Jones from Santa Cruz Warriors THIS_IS_A_URL #Warriors #DubNation THIS_IS_A_URL
1,When you can't wait until THIS_IS_A_MENTION &amp; THIS_IS_A_MENTION come out w #Warriors colorway...you do it yourself. THIS_IS_A_MENTION THIS_IS_A_URL
-1,Happy Birthday THIS_IS_A_MENTION hope it's a good one!! #DubNation
1,"#DubNation Draymond Green (left ankle) ""pretty confident"" to play vs #TrueToAtlanta tonight, THIS_IS_A_MENTION reports #NBA"
1,"THIS_IS_A_MENTION SHHHHHHH, THE HATERS MIGHT HEAR YOU! #DUBNATION"
-1,5 Daily Fantasy Basketball Value Plays for 11/28/16 THIS_IS_A_URL via THIS_IS_A_MENTION #DubNation
1,THIS_IS_A_MENTION He thought a football might be a little easier for Curry to get over the rim on a dunk....baby steps. #Warriors #DubNation
1,Its a good look THIS_IS_A_MENTION ğŸ‘Œ #DubNation THIS_IS_A_URL
1,"THIS_IS_A_MENTION (1) THIS_IS_A_MENTION (23) THIS_IS_A_MENTION (11) THIS_IS_A_MENTION (30)    THIS_IS_A_MENTION (35) That lineup keeps it ğŸ’¯, literally! #DubNation"
1,NBA Power Rankings: Warriors inch closer to No. 1 THIS_IS_A_URL via THIS_IS_A_MENTION #DubNation
1,#DubNation with THIS_IS_A_MENTION THIS_IS_A_URL
1,I guess THIS_IS_A_MENTION is human. I had my doubts! Just makes me a bigger fan of him! THIS_IS_A_MENTION #DubNation #nba THIS_IS_A_URL
1,"#DubNation ğŸ‘€ you, Yan!!  THIS_IS_A_MENTION (ğŸ¥: THIS_IS_A_MENTION THIS_IS_A_URL"
1,"The Golden State Warriors recall 1st round pick, 7-foot center Damian Jones from the Santa Cruz Warriors of the NBAâ€¦ THIS_IS_A_URL"
1,THIS_IS_A_MENTION THIS_IS_A_MENTION THIS_IS_A_MENTION trust the process #DubNation
1,Random #DubNation thought:  I like Kevin Durant.  He has been a great addition to the team.
1,Warriors game day: Will Draymond Green return against Hawks? THIS_IS_A_URL via THIS_IS_A_MENTION #DubNation
1,THIS_IS_A_MENTION  The #Warriors &amp; #Raiders best 2 teams in pro sports by far! #DubNation #RaiderNation
-1,Cyber Monday Sale - 30% Off On All Warriors Apparel - THIS_IS_A_URL #DubNation
1,THIS_IS_A_MENTION Been saying that for a while now. Nobody heard me over the sound of pitchforks clanging together as #DubNation marched on Zaza
1,"Get all your Christmas Shopping done today! Our 40% off everything sale ends tonight, shop onlineâ€¦ THIS_IS_A_URL"
1,THIS_IS_A_MENTION  Try to make 15 three pointers in a game. Lol huge fan #dubnation
1,When they don't know what else to do to stop the Human Torch. #StephGonnaSteph #DubNation THIS_IS_A_URL
1,THIS_IS_A_MENTION has the sauce this Christmas THIS_IS_A_URL #nike #basketball #kevindurant #kd9 #dubnation #sneakersâ€¦ THIS_IS_A_URL
1,The Ron Burgundy THIS_IS_A_URL #underarmour #curry3 #stephencurry #dubnation #kevindurant #klaythompsonâ€¦ THIS_IS_A_URL
1,It's #game day!!! #Warriors #DubNation THIS_IS_A_URL
1,THIS_IS_A_MENTION THIS_IS_A_MENTION THIS_IS_A_MENTION THIS_IS_A_MENTION THIS_IS_A_MENTION #Dubs &amp; #Raiders 2 most dominant teams in sports!#DubNation #RaiderNation
1,i can do all things 2.5 #SC #stephencurry #sneakers #dubnation THIS_IS_A_URL THIS_IS_A_URL
1,The #DubNation Daily is out! THIS_IS_A_URL Stories via THIS_IS_A_MENTION THIS_IS_A_MENTION THIS_IS_A_MENTION #dubs #canadian
1,Splash #DubNation THIS_IS_A_URL
1,My all-time favorite THIS_IS_A_MENTION player is Stephen Curry #DubNation   #CLSweeps
1,Slate Night is my favorite #DubNation THIS_IS_A_URL
-1,Happy birthday!! THIS_IS_A_MENTION ğŸ˜›ğŸ˜› #DubNation THIS_IS_A_URL
-1,Coming soon: Me as a mom #DubNation THIS_IS_A_URL
1,Ian Clark and Draymond Green questionable for tonight vs Atlanta? Let's get it done #DubNation
1,"NEW:Watch #KlayThompson on  Lebron, Rocco,Ugly Sweaters &amp; more:THIS_IS_A_URL #DubNation #WarriorsGround THIS_IS_A_MENTION THIS_IS_A_MENTION"
1,"NEW:Watch #KlayThompson on  Lebron, Ugly Sweaters &amp; more:THIS_IS_A_URL #DubNation #WarriorsGround THIS_IS_A_MENTION THIS_IS_A_MENTION"
1,"#KlayThompson on Shooter McGavin, Lebron, Ugly Sweaters &amp; more:THIS_IS_A_URL #DubNation #WarriorsGround THIS_IS_A_MENTION THIS_IS_A_MENTION"
1,THIS_IS_A_MENTION hoping to get their 13th win tonight against THIS_IS_A_MENTION #DubNation
1,Going to the #Warriors game tonight!!!! Can't wait to get my KD bobblehead!!! #DubNation ğŸ’™ğŸ’›
1,The Hawks come to town for their only visit of the year. #DubNation #BeatATL
1,THIS_IS_A_MENTION My Favorite Player Of The NBA #DubNation
1,"#Dubnation,LIFER baby THIS_IS_A_URL"
1,THIS_IS_A_MENTION respect your loyalty!!! #ManOfYourWord #DubNation #RN4L #KeepinItReal #StayBlessedğŸ™ğŸ½
1,"Warriors first-month grades: Durant integration, Death lineup, size, bench -â€¦ THIS_IS_A_URL #dubnationâ€¦ THIS_IS_A_URL"
1,"NBA Trade Rumors: Brandon Knight joining NBA superteam Golden State Warriors,â€¦ THIS_IS_A_URL #dubnationâ€¦ THIS_IS_A_URL"
1,My guys def the best ina nba #DubNation THIS_IS_A_URL
1,THIS_IS_A_MENTION let's go #DubNation
1,Amazing #DubNation Stephen Curry's Story  From Underdog to NBA MVP THIS_IS_A_URL via THIS_IS_A_MENTION
1,It's Gameday the DUBS host the hawks THIS_IS_A_MENTION 7:30 Pm #DubNation
-1,SFCR EQUIPMENT #CyberMonday #GilmoreGirls #GivingTuesday #recount #NotforProfit #Dubnation #donate #SocialGood THIS_IS_A_URL
1,"1 DAY Y'ALL until the 1st home game, are you ready????? girls @ 5:00 &amp; boys @ 7:45 vs. Cathedral. Be there.â€¦ THIS_IS_A_URL"
1,"Let's go, babies!! #DubNation ğŸ’›ğŸ’™ğŸ’›ğŸ’™ THIS_IS_A_URL"
1,"I really love my team, everybody deserves a ring, #DubNation til I die but we ain't trippin off a 3-1 fuckin lead"
1,Game Day #DubNation 15-2
1,Golden State Warriors News And Updates: JaVale McGee Slowly Finding His Roleâ€¦ THIS_IS_A_URL #dubnationâ€¦ THIS_IS_A_URL
1,Er meh God! Today's game is THIS_IS_A_MENTION v.s. THIS_IS_A_MENTION My favorite teams... #DubNation #TrueToAtlanta THIS_IS_A_URL
1,"#UnderArmour Men's STEPHEN #CURRY ""Beyond The Arc"" Graphic MVP T-Shirt #Emoji THIS_IS_A_URL â€¦ THIS_IS_A_MENTION #DubNation #kd #Warriors #ua"
1,THIS_IS_A_MENTION THIS_IS_A_MENTION - THIS_IS_A_URL Raped by THIS_IS_A_MENTION #DubNation
1,"THIS_IS_A_MENTION THIS_IS_A_MENTION - THIS_IS_A_URL Shake n bake!! Now you see me, and sinks the jumper for #DubNation on THIS_IS_A_MENTION #NBARapidReplay"
1,It's #Warriors GAME DAY! Dubs will face the Hawks ğŸ’ªğŸ’ª#DubNation ğŸ€3âƒ£3âƒ£3âƒ£ğŸ’¦
1,Game day ğŸ˜ğŸ€ #DubNation
1,Itssssss GAME DAY ğŸ’™ğŸ’› #DubNation
1,"It's November 28, 2016 at 10:00AM and I'm ready to protect and serve! #dubnation, how you feeling today?"
1,THIS_IS_A_MENTION THIS_IS_A_MENTION Everything #DubNation sells out so quick!
1,"NBA Trade Rumors: Stephen Curry to Los Angeles Clippers, Chris Paul to Goldenâ€¦ THIS_IS_A_URL #dubnationâ€¦ THIS_IS_A_URL"
1,Week 4 NBA power rankings: Warriors hold steady at the top - USA TODAY THIS_IS_A_URL #dubnationâ€¦ THIS_IS_A_URL
1,"Watch how the THIS_IS_A_MENTION get their 12th-straight win, Be sure to ğŸ”’ in #DubNation #GSW #GoldenStateWarriorsâ€¦ THIS_IS_A_URL"
1,oooooh game day #DubNation
1,Happy Birthday Bogues !ğŸ‰ğŸ’›ğŸ’™#DubNation THIS_IS_A_URL
1,Happy Birthday Blur !ğŸ‰ğŸ’™ğŸ’› #DubNation THIS_IS_A_URL
1,"Happy Birthday, Champ! THIS_IS_A_MENTION ğŸ‰ğŸˆ #DubNation THIS_IS_A_URL"
1,THIS_IS_A_MENTION Steph Curry is my all-time favorite Golden State Warriors player; and hashtags #DUBNATION and #CLSWEEPS
1,#dubnation always win. I'm ready for tonight THIS_IS_A_URL
1,I'm just ready for the game tonight!! #DubNation #GoWarriors
1,Morning. #WeTheNorth THIS_IS_A_URL
1,"Past ğŸ‘ŠğŸ¾ Present. Welcome back, THIS_IS_A_MENTION #WeTheNorth THIS_IS_A_URL"
1,That's gonna be a popular cast at school tomorrow. ğŸ–Š #WeTheNorth THIS_IS_A_URL
1,Tonight's THIS_IS_A_MENTION starting lineups. #WeTheNorth THIS_IS_A_URL
1,Superman in the house tonight. #RTZ #WeTheNorth THIS_IS_A_URL
1,Patterson called bank! #NBAVine #WeTheNorth THIS_IS_A_URL
-1,Q9. Can you RT â€œI want to WIN FREE THIS_IS_A_MENTION tix from THIS_IS_A_MENTION the #OfficialProtein of the #Toronto Raptors!â€¦ THIS_IS_A_URL
-1,Next question will be for 2 tickets to a THIS_IS_A_MENTION home game! RT if your twitter fingers are ready for this one! #OfficialProtein #WeTheNorth
-1,Tonight's By The Numbers presented by THIS_IS_A_MENTION #WeTheNorth THIS_IS_A_URL
-1,"Can we get a RT if you're ready to WIN FREE THIS_IS_A_MENTION tickets tonight with the #OfficialProtein of the Raptors, THIS_IS_A_MENTION #WeTheNorth"
-1,"Q3. Hot Dogs, Chicken Fingers, or Wings? Whatâ€™s your pick when youâ€™re watching the THIS_IS_A_MENTION #OfficialProteinâ€¦ THIS_IS_A_URL"
-1,"Hey THIS_IS_A_MENTION fans, want to WIN FREE TIX to a home game? Join the #OfficialProtein Twitter party happening NOW! #WeTheNorth #RTZ"
-1,Looking for the tastiest ideas &amp; recipes while you watch the THIS_IS_A_MENTION play? Don't forget to visit appehtite.ca! #OfficialProtein #WeTheNorth
-1,Not a good game. #wethenorth They are not in the right mood.
1,"Past ğŸ‘ŠğŸ¾ Present. Welcome back, mrvincecarter15. #WeTheNorth THIS_IS_A_URL #GoCrushIt"
1,"Past ğŸ‘ŠğŸ¾ Present. Welcome back, mrvincecarter15. #WeTheNorth THIS_IS_A_URL"
1,"The 3rd-Quarter is underway and the #Raptors trail 65-62 to the #Grizzlies 

#WeTheNorth 

Listen Here - THIS_IS_A_URL"
1,#Grizzlies THIS_IS_A_MENTION THIS_IS_A_MENTION up and over #Raptors THIS_IS_A_MENTION #WetheNorth THIS_IS_A_MENTION during 1st half... THIS_IS_A_URL
-1,Seeking #rockclimbing #inspiration #motivation #ReelRock11 THIS_IS_A_MENTION tonite #thethrillofthehills  #indoorinCanada #WinterIsHere #WeTheNorth
1,"Lady behind me says ""Can you pretend you are my kids' mom and introduce them""?  Pressure is on;)  THIS_IS_A_MENTION THIS_IS_A_MENTION #WeTheNorth"
1,Lowry 30/58 3s. Its Kyle's time to shine! #WeTheNorth #RTZ
-1,Basically yelling at 2 screens right now. #TFC #RTZ #WeTheNorth
1,The only player I want to see play before he retires is THIS_IS_A_MENTION . Still cheering for my Raps tonight though #RTZ #WeTheNorth
1,Supporting my bro before I head out #WeTheNorth ğŸ’¯ğŸ™ŒğŸ¾ğŸ€ THIS_IS_A_URL
1,I hold my breath everytime we pass it tonight. ğŸ˜¬ #NoMoreTurnovers #WeTheNorth
1,"Toronto sports teams trying to make me choose between them tonight ğŸ˜’ hockey, basketball or soccer? Hmm... #TMLtalk #WeTheNorth #TFCLive"
1,Way to hustle THIS_IS_A_MENTION #WeTheNorth  #RTZ THIS_IS_A_URL
1,Grizzlies d is too good rn #WeTheNorth #rtz
1,Turnovers have to stop. #rtz #WeTheNorth
1,THIS_IS_A_MENTION I got you fam â¤â¤â¤ Close this one out with a W at home ğŸ”¥ğŸ™ŒğŸ™ŒğŸ™Œ #RTZ #WeTheNorth
-1,I got shots at my school Side effects really hurt I got muscle spasms #RTZ  #ShowWithNoName #mindset #DeadRising4 #RTZ #WeTheNorth
1,LET'S GOOOO!!!  #TORvMTL #WeTheNorth THIS_IS_A_MENTION THIS_IS_A_MENTION THIS_IS_A_URL
-1,"Watch ""Episode 10 : Double Digits"" on YouTube THIS_IS_A_URL #TMLtalk #Toronto #wethenorth #RTZ"
1,"Pounce and STOMP, dinos ğŸ”¥ğŸ”¥ğŸ”¥ Close out this game in Q4 with a solid W ğŸ™ŒğŸ™ŒğŸ™Œ I got your back fam ğŸ˜ THIS_IS_A_MENTION #RTZ #Raptors #WeTheNorth"
1,"#NBA: at the end of the 3rd in Toronto, #WeTheNorth lead #GrindCity 89-82."
1,Demar Derozan / In My Zone (pro.Maximillian Beats)â€™ by THIS_IS_A_MENTION on #SoundCloud? #np THIS_IS_A_URL #WETHENORTH #RAPTORS
1,Philly THIS_IS_A_MENTION FINALLY caught up with Mr. Everywhere THIS_IS_A_MENTION at the THIS_IS_A_MENTION game! We're up 89-82 after 3 quâ€¦ THIS_IS_A_URL
1,DeRozan with 20/6/5 on 5/7 shooting. Turnovers the only issue. Raptors up 7 going into the 4th #WeTheNorth THIS_IS_A_URL
1,"Streaming the TFC game in the ACC stands, bunch of us huddled around our phones cheering Raps &amp; TFC right now! #TFCLive #RTZ #WeTheNorth"
1,But he can't shoot three's... #RTZ #WeTheNorth THIS_IS_A_MENTION THIS_IS_A_MENTION THIS_IS_A_URL
1,"THIS_IS_A_MENTION Let's go #Raptors ğŸ”¥ğŸ”¥ğŸ”¥ â¤ Take the W, its in sight âœŒ #WeTheNorth #RTZ"
1,I've been a TFC fan since Day 1 #TFC THIS_IS_A_MENTION #Toronto #WeTheNorth
1,"I don't understand how this is a tie game, should've been over in the first half #RTZ #WeTheNorth"
1,This made me smile! #Raptors #WeTheNorth THIS_IS_A_URL
1,Anyone want to box out Tony Allen????? #WeTheNorth
1,"Memphis is playin a great offensive game, turnovers are a killer tonight THIS_IS_A_MENTION #WeTheNorth THIS_IS_A_MENTION"
1,THIS_IS_A_MENTION THIS_IS_A_MENTION much &lt;3! Glad u are having fun! Wish VC15 was playing! #WeTheNorth
1,"When I run up on THIS_IS_A_MENTION in the players tunnel... #OhGosh #RTZ #WeTheNorth // Raps in a tough one @ home, 75-74 Gâ€¦ THIS_IS_A_URL"
1,#WeTheNorth forever Vinsanity THIS_IS_A_URL
1,DeRozan is bit off today. JUST a bit outside ğŸ˜¾ #WeTheNorth
1,Carroll Patterson lowry all got their 3 pointer back #WeTheNorth
1,Who's the man THIS_IS_A_MENTION with the ice cold buzzer beater. Yes I yelled that! #rtz #WeTheNorth Yeah Baby!
1,And THATS why my THIS_IS_A_MENTION shirt has a 54 on it. BOOM. #RTZ #WeTheNorth
1,Patterson just blew the roof off the ACC with that shot!! ğŸ”¥ğŸ€ #huge #rtz #WeTheNorth
1,THIS_IS_A_MENTION THIS_IS_A_MENTION Yes a very big fan right from  the start. #WeTheNorth #OfficialProtein
1,THIS_IS_A_MENTION THIS_IS_A_MENTION I've been a season ticket holder since day one.  Watching the game tonight. #WeTheNorth #officialprotein
1,Following both now!! #OfficialProtein #WeTheNorth #RTZ THIS_IS_A_URL
1,Firebwe are on our home court tonight! We the north! #raptors #WeTheNorth #NBA2K17
1,RULES! #WeTheNorth #officialprotein THIS_IS_A_URL
1,OMFG PATTERSON IS THE GOAT #WeTheNorth #RTZ
1,"BRRRRAP PATTERSON YUNO , MAN DASHED IT FROM HALFWAY #WETHENORTH"
-1,What a half court shot by Patterson! #RTZ #WeTheNorth
1,"Patterson, way to go, what a shot. #WeTheNorth #Raptors #RTZ"
1,Glad the clock was working there...#WeTheNorth #Raptors #RTZ #BuzzerBeater THIS_IS_A_MENTION THIS_IS_A_MENTION
1,Patrick Patterson from Ajax!! #WeTheNorth
1,OKAAAY! Patterson w/ the buzzer beater! We see you! ğŸ‘€ #WeTheNorth
1,Pat pat with that far buzzer shot!!! #WeTheNorth
1,Patty Pat from downtown THIS_IS_A_MENTION good 1st quarter boyz! #WeTheNorth
1,Patterson from half court!!! #WeTheNorth #RTZ
1,12 for his last 22 3PA after that half court heave from PP #WeTheNorth #rtz
1,2Pats nails it from Pickering! That was awesome. #WeTheNorth
1,"Patterson couldn't make a layup last week, this week he's hitting half court shots... ğŸ˜‚ ğŸ˜‚ ğŸ˜‚ #WeTheNorth #RTZ"
1,2Pat from 1/2! #Rtz #WeTheNorth
1,Patty P baby #WeTheNorth
1,"THIS_IS_A_MENTION THIS_IS_A_MENTION Sure do and I am waving at you from Morriston,ON  #OfficialProtein #WeTheNorth #RTZ"
1,I'm going to be tweeting just as much!  #WeTheNorth #RTZ #officialprotein THIS_IS_A_MENTION 3 pt at the buzzer!! THIS_IS_A_URL
1,PAAAAAAAAATTERSON!!!! #RTZ #WeTheNorth
1,PATRICK PATTERSON!!! #RTZ #WETHENORTH
1,Patrick Patterson at the buzzer!!!! #Raptors #WeTheNorth
1,"#NBA: at the of the 1st in Toronto, #WeTheNorth lead #MadeInPHILA 33-26."
1,Whoaaaaaa PATTERSON FOR 3..... FROM THE PARKING LOT. #RTZ #WeTheNorth
1,PATTERSON!!!!!! #wethenorth #rtz
1,Patrick Paterson with the full court 3 at the buzzer!! #WeTheNorth
-1,Want full #OfficialProtein rules? You can find them here! THIS_IS_A_URL #WeTheNorth #RTZ
1,Patterson from China! What a shot! #Raptors #RTZ #WeTheNorth
1,Patrick Patterson!! #WeTheNorth #RTZ
1,PATTERSON BABY!! #RTZ #WETHENORTH
1,THIS_IS_A_MENTION THIS_IS_A_MENTION Hells ya! #WeTheNorth #OfficialProtein
1,THIS_IS_A_MENTION THIS_IS_A_MENTION THIS_IS_A_MENTION good evening #OfficialProtein #WeTheNorth
1,THIS_IS_A_MENTION THIS_IS_A_MENTION THIS_IS_A_MENTION Sure do!! #WeTheNorth
1,THIS_IS_A_MENTION THIS_IS_A_MENTION Sweet. #WeTheNorth #Raptors #OfficialProtein
1,THIS_IS_A_MENTION THIS_IS_A_MENTION THIS_IS_A_MENTION My husband is a fan :-) #WeTheNorth #OfficialProtein
1,"Yo Raps, it's the Sixers. No score above 80. #Raptors #RTZ #WeTheNorth"
1,THIS_IS_A_MENTION THIS_IS_A_MENTION THIS_IS_A_MENTION We are huge Raptors fans! #OfficialProtein #WeTheNorth
1,THIS_IS_A_MENTION THIS_IS_A_MENTION Yes! Go THIS_IS_A_MENTION #OfficialProtein #WeTheNorth
1,THIS_IS_A_MENTION THIS_IS_A_MENTION THIS_IS_A_MENTION we sure do! #WeTheNorth #officialprotein
-1,Follow #OfficialProtein to join the PARTY! #WeTheNorth THIS_IS_A_URL
1,THIS_IS_A_MENTION THIS_IS_A_MENTION Waving to all! Yes! #WeTheNorth
1,I'm taking too many pictures #hereallyishappyiswear #WeTheNorth #tdbank THIS_IS_A_MENTION THIS_IS_A_MENTION THIS_IS_A_MENTION THIS_IS_A_URL
1,THIS_IS_A_MENTION THIS_IS_A_MENTION #officialprotein  Raptors fan here! #WetheNorth THIS_IS_A_URL
1,We are waving from #Ottawa! THIS_IS_A_MENTION #RTZ #OfficialProtien #WeTheNorth THIS_IS_A_URL
1,"THIS_IS_A_MENTION THIS_IS_A_MENTION Game time #WeTheNorth, #OfficialProtein #RTZ"
1,Definitely one right here!!!!! #officialprotein #WeTheNorth THIS_IS_A_URL
1,"Hay THIS_IS_A_MENTION could u say ""from Caledonia Nova Scotia!"" when a raptor makes a 3 pointer Please thank you. #WeTheNorth"
1,THIS_IS_A_MENTION THIS_IS_A_MENTION HEYYYYYY!!! Biggest fan right here!!!! My daughter cheering them on every time!! #wethenorth #officialprotein
1,"THIS_IS_A_MENTION THIS_IS_A_MENTION THIS_IS_A_MENTION Big fan here #WeTheNorth, #OfficialProtein #RTZ"
1,THIS_IS_A_MENTION THIS_IS_A_MENTION THIS_IS_A_MENTION #OfficialProtein #WeTheNorth let's go Raptors THIS_IS_A_URL
1,Hi everyone welcome to the THIS_IS_A_MENTION #OfficialProtein Twitter Party!!! Do we have any THIS_IS_A_MENTION fans in the house? #WeTheNorth #RTZ
1,#officialprotein #WeTheNorth Let's get this win!!!! THIS_IS_A_MENTION THIS_IS_A_URL
1,TORONTO 23 PHIL 22 #officialprotein #WeTheNorth
1,It's all about the multitasking tonight #WeTheNorth fans! #OfficialProtein THIS_IS_A_URL
1,"#Raptors should &amp; will win tonight, but only if they don't take them for granted. Treat them like the #Cavs &amp; get the ""W""! #WeTheNorth #RTZ"
1,So sluggish....they can't let down their guard #WeTheNorth THIS_IS_A_URL
1,"No, Toronto, I have no affiliation with the THIS_IS_A_MENTION #WeTheNorth #rtz THIS_IS_A_URL"
1,Predicting JV having a double double before halftime. #WeTheNorth #RTZ
1,Finally home let's gooo #WeTheNorth
1,JV has that mean and serious face on tonight! #WeTheNorth #RTZ
1,SIAKAM!! GET THAT CRAP OUTTA HERE!!! #WeTheNorth #RTZ
1,LOWRY A DEEP 333!! #WeTheNorth #RTZ
1,My current situation.  #wethenorth #Toronto #raptorsbasketball #baskets4bros @ Air Canada Centre THIS_IS_A_URL
1,#WetheNorth #RTZ Wake up THIS_IS_A_MENTION We own the 6!!!!! The Sixers don't own the 6.
1,Raptors game #WeTheNorth #baskets4bros #putpower THIS_IS_A_URL
1,Totally wearing my gear for the THIS_IS_A_MENTION #officialprotein Twitter party tonight. #WetheNorth THIS_IS_A_URL
1,Is it me or does the game seem a bit sluggish? Lol THIS_IS_A_MENTION can't let the Sixers get in it..they did lead the Cavs yesterday ğŸ˜’ #WeTheNorth
1,It's really great to see Carroll finally healthy and playing the way he can. Very positive impact on this raptors team. #WeTheNorth
1,Out on the town! #WeTheNorth THIS_IS_A_MENTION w THIS_IS_A_MENTION THIS_IS_A_URL
1,LOWRY!! #SPLASH #WeTheNorth #RTZ
1,"Love THIS_IS_A_MENTION telling THIS_IS_A_MENTION to take his man and score. Kyle ""the motivator"" Lowry #WeTheNorth"
1,At the THIS_IS_A_MENTION Game. #WeTheNorth THIS_IS_A_URL
1,CARROLL WITH A PULL UP THREE! #WeTheNorth #RTZ
1,THIS_IS_A_MENTION THIS_IS_A_MENTION Nah fam. #WeTheNorth ğŸ‡¨ğŸ‡¦
1,"Time to fuel up Canada, the THIS_IS_A_MENTION are looking for the W at home! #WeTheNorth, #OfficialProtein #RTZ"
1,THIS_IS_A_MENTION THIS_IS_A_MENTION Future Raptor? #officialprotein  #WeTheNorth
1,I love watching the THIS_IS_A_MENTION play at the ACC #WeTheNorth
1,"#PHI at #TOR has Tipped at Air Canada Centre in Toronto, ON. #NBA ğŸ€ #WeTheNorth ğŸ"
1,Let's go raptors #wethenorth
1,Cuteness overload! I can't handle it! #OfficialProtein #wethenorth #raptors THIS_IS_A_MENTION THIS_IS_A_URL
1,That's how you open ğŸ‘ğŸ¼ #rtz #WeTheNorth
1,First game #wethenorth @ NBA Game Toronto Raptors Air Canada Centre THIS_IS_A_URL
1,They're home. ğŸ Lets go THIS_IS_A_MENTION #WeTheNorth #RTZ
1,lets do this THIS_IS_A_MENTION !!! lets get this homestand off on the right foot !  #WeTheNorth
1,20 more minutes?!?! ğŸ˜®ğŸ˜® #wethenorth #officialprotein THIS_IS_A_MENTION THIS_IS_A_MENTION THIS_IS_A_MENTION THIS_IS_A_URL
1,Let's start the week strong #wethenorth  #raptors  mullywood @ Air Canada Centre THIS_IS_A_URL
1,Let's Gooooooo #Raptors!!!!!!!.... #WeTheNorth #RTZ
1,Lets goooo #WeTheNorth
1,The boys are back in town! ğŸ€ğŸ™ŒğŸ½ #raptors #rtz #wethenorth #ballislife #sportsrunmylife @ Airâ€¦ THIS_IS_A_URL
1,Watch: #Philadelphia76ers vs. #TorontoRaptors THIS_IS_A_URL #NBA #MadeInPHILA #WeTheNorth #76ers #Raptors #NBAlivestream
1,THIS_IS_A_MENTION Let's go THIS_IS_A_MENTION #WeTheNorth ğŸ€
1,"They trust the Process, we trust Masai #rtz #WeTheNorth"
1,My view for the game...thank you THIS_IS_A_MENTION #wethenorth #br1999 #courtsideseats THIS_IS_A_MENTION THIS_IS_A_MENTION THIS_IS_A_URL
1,Joel Embid out of the lineup tonight for the 76ers... Really wanted to see him play vs Toronto but I guess that'll wait. #WeTheNorth #RTZ
1,THIS_IS_A_MENTION THIS_IS_A_MENTION yes I am!!!!! #WeTheNorth #RTZ #OfficialProtein
1,Let's Go THIS_IS_A_MENTION #WeTheNorth
1,Game time!!! #LetsGoRaptors #NBA #WeTheNorth
1,#WeTheNorth â€” watching Philadelphia 76ers vs Toronto Raptors
1,Home stretch #letsgetit #wethenorth
1,"#WeTheNorth THIS_IS_A_MENTION (at THIS_IS_A_MENTION for THIS_IS_A_MENTION THIS_IS_A_MENTION in Toronto, Ontario) THIS_IS_A_URL THIS_IS_A_URL"
1,Let's Go #Raptors ğŸ€ #WeTheNorth
1,My Christmas Tree ğŸ„ is not complete without some love for the boys #LetsGoRaptors #WeTheNorth THIS_IS_A_MENTION THIS_IS_A_URL
1,(East 15th) PHI THIS_IS_A_MENTION 4-13 at (East 2nd) TOR THIS_IS_A_MENTION 10-6 THIS_IS_A_MENTION #FeedingTime #WeTheNorth THIS_IS_A_URL
1,THIS_IS_A_MENTION THIS_IS_A_MENTION  OMG! I'm such a HUGE Raptors fan!!! Can't wait! #WeTheNorth #OfficialProtein
1,Time to take care of business in this 6 game home stand in the 6ix #RTZ #WeTheNorth
1,Splassssshhh! #WeTheNorth #RTZ THIS_IS_A_URL
